country,subject,category,scope,matchgoer_subject_id(s),reconciliation_status,reconciliation_note,editorial_label,short_explanation,discovery_value,lead_priority,evidence_url,evidence_season,editorial_status,evidence_note
England,Liverpool — Manchester United,SIGNIFICANT_RIVALRY,TEAM_PAIR,33;40,ALREADY_PUBLISHED,Equivalent published DECIDE fact already exists,North-West rivalry,A fixture with genuine rivalry context worth knowing before choosing the match.,Medium,NORMAL,,,APPROVED,
England,Arsenal — Tottenham Hotspur,SIGNIFICANT_RIVALRY,TEAM_PAIR,,NEEDS_IDENTITY_REVIEW,"No exact canonical pair; plausible candidates: [['Arsenal [42]'], ['Tottenham [47]']]",North London Derby,A fixture with genuine rivalry context worth knowing before choosing the match.,Medium,NORMAL,,,APPROVED,
England,Manchester United — Manchester City,SIGNIFICANT_RIVALRY,TEAM_PAIR,33;50,READY,Exact canonical identity resolved,Manchester Derby,A fixture with genuine rivalry context worth knowing before choosing the match.,Medium,NORMAL,,,APPROVED,
England,Chelsea — Arsenal,SIGNIFICANT_RIVALRY,TEAM_PAIR,42;49,READY,Exact canonical identity resolved,London rivalry,A fixture with genuine rivalry context worth knowing before choosing the match.,Medium,NORMAL,,,APPROVED,
England,Chelsea — Tottenham Hotspur,SIGNIFICANT_RIVALRY,TEAM_PAIR,,NEEDS_IDENTITY_REVIEW,"No exact canonical pair; plausible candidates: [['Chelsea [49]'], ['Tottenham [47]']]",London rivalry,A fixture with genuine rivalry context worth knowing before choosing the match.,Medium,NORMAL,,,APPROVED,
England,West Ham United — Millwall,SIGNIFICANT_RIVALRY,TEAM_PAIR,,NEEDS_IDENTITY_REVIEW,"No exact canonical pair; plausible candidates: [['Chesham United [4702]', 'Evesham United [7640]', 'West Ham [48]'], ['Millwall [58]']]",London rivalry,A fixture with genuine rivalry context worth knowing before choosing the match.,Medium,NORMAL,,,APPROVED,
England,West Ham United — Tottenham Hotspur,SIGNIFICANT_RIVALRY,TEAM_PAIR,,NEEDS_IDENTITY_REVIEW,"No exact canonical pair; plausible candidates: [['Chesham United [4702]', 'Evesham United [7640]', 'West Ham [48]'], ['Tottenham [47]']]",London rivalry,A fixture with genuine rivalry context worth knowing before choosing the match.,Medium,NORMAL,,,APPROVED,
England,Chelsea — Fulham,SIGNIFICANT_RIVALRY,TEAM_PAIR,36;49,READY,Exact canonical identity resolved,West London derby,A fixture with genuine rivalry context worth knowing before choosing the match.,Medium,NORMAL,,,APPROVED,
England,Everton — Liverpool,SIGNIFICANT_RIVALRY,TEAM_PAIR,40;45,READY,Exact canonical identity resolved,Merseyside Derby,A fixture with genuine rivalry context worth knowing before choosing the match.,Medium,NORMAL,,,APPROVED,
England,Newcastle United — Sunderland,SIGNIFICANT_RIVALRY,TEAM_PAIR,,NEEDS_IDENTITY_REVIEW,"No exact canonical pair; plausible candidates: [['Newcastle [34]'], ['Sunderland [746]']]",Tyne-Wear Derby,A fixture with genuine rivalry context worth knowing before choosing the match.,Medium,NORMAL,,,APPROVED,
England,Aston Villa — Birmingham City,SIGNIFICANT_RIVALRY,TEAM_PAIR,,NEEDS_IDENTITY_REVIEW,"No exact canonical pair; plausible candidates: [['Aston Villa [66]'], ['Birmingham [54]']]",Second City Derby,A fixture with genuine rivalry context worth knowing before choosing the match.,Medium,NORMAL,,,APPROVED,
England,Wolverhampton Wanderers — West Bromwich Albion,SIGNIFICANT_RIVALRY,TEAM_PAIR,,NEEDS_IDENTITY_REVIEW,"No exact canonical pair; plausible candidates: [[], ['West Brom [60]']]",Black Country Derby,A fixture with genuine rivalry context worth knowing before choosing the match.,Medium,NORMAL,,,APPROVED,
England,Blackburn Rovers — Burnley,SIGNIFICANT_RIVALRY,TEAM_PAIR,,NEEDS_IDENTITY_REVIEW,"No exact canonical pair; plausible candidates: [['Blackburn [67]'], ['Burnley [44]']]",East Lancashire Derby,A fixture with genuine rivalry context worth knowing before choosing the match.,Medium,NORMAL,,,APPROVED,
England,Sheffield United — Sheffield Wednesday,SIGNIFICANT_RIVALRY,TEAM_PAIR,,NEEDS_IDENTITY_REVIEW,"No exact canonical pair; plausible candidates: [['Sheffield Utd [62]'], ['Sheffield Wednesday [74]']]",Steel City Derby,A fixture with genuine rivalry context worth knowing before choosing the match.,Medium,NORMAL,,,APPROVED,
England,Portsmouth — Southampton,SIGNIFICANT_RIVALRY,TEAM_PAIR,41;1355,READY,Exact canonical identity resolved,South Coast Derby,A fixture with genuine rivalry context worth knowing before choosing the match.,Medium,NORMAL,,,APPROVED,
England,Norwich City — Ipswich Town,SIGNIFICANT_RIVALRY,TEAM_PAIR,,NEEDS_IDENTITY_REVIEW,"No exact canonical pair; plausible candidates: [['Norwich [71]'], ['Ipswich [57]']]",East Anglian Derby,A fixture with genuine rivalry context worth knowing before choosing the match.,Medium,NORMAL,,,APPROVED,
England,Bristol City — Bristol Rovers,SIGNIFICANT_RIVALRY,TEAM_PAIR,56;1334,READY,Exact canonical identity resolved,Bristol Derby,A fixture with genuine rivalry context worth knowing before choosing the match.,Medium,NORMAL,,,APPROVED,
England,Plymouth Argyle — Exeter City,SIGNIFICANT_RIVALRY,TEAM_PAIR,,NEEDS_IDENTITY_REVIEW,"No exact canonical pair; plausible candidates: [['Plymouth [1357]'], ['Exeter City [1364]']]",Devon Derby,A fixture with genuine rivalry context worth knowing before choosing the match.,Medium,NORMAL,,,APPROVED,
England,Oxford United — Swindon Town,SIGNIFICANT_RIVALRY,TEAM_PAIR,1338;1353,READY,Exact canonical identity resolved,A420 rivalry,A fixture with genuine rivalry context worth knowing before choosing the match.,Medium,NORMAL,,,APPROVED,
England,Blackpool — Preston North End,SIGNIFICANT_RIVALRY,TEAM_PAIR,,NEEDS_IDENTITY_REVIEW,"No exact canonical pair; plausible candidates: [['Blackpool [1356]'], ['Preston [59]']]",West Lancashire Derby,A fixture with genuine rivalry context worth knowing before choosing the match.,Medium,NORMAL,,,APPROVED,
England,Chesterfield — Mansfield Town,SIGNIFICANT_RIVALRY,TEAM_PAIR,1345;1374,READY,Exact canonical identity resolved,Derbyshire/Nottinghamshire rivalry,A fixture with genuine rivalry context worth knowing before choosing the match.,Medium,NORMAL,,,APPROVED,
England,Wrexham — Chester,SIGNIFICANT_RIVALRY,TEAM_PAIR,1820;1837,READY,Exact canonical identity resolved,Cross-border derby,A fixture with genuine rivalry context worth knowing before choosing the match.,Medium,NORMAL,,,APPROVED,
England,Leeds United — Manchester United,SIGNIFICANT_RIVALRY,TEAM_PAIR,,NEEDS_IDENTITY_REVIEW,"No exact canonical pair; plausible candidates: [['Leeds [63]'], ['Chester [1820]', 'Manchester United [33]']]",Historic rivalry,A fixture with genuine rivalry context worth knowing before choosing the match.,Medium,NORMAL,,,APPROVED,
England,Leeds United — Huddersfield Town,SIGNIFICANT_RIVALRY,TEAM_PAIR,,NEEDS_IDENTITY_REVIEW,"No exact canonical pair; plausible candidates: [['Leeds [63]'], ['Huddersfield [37]']]",West Yorkshire derby,A fixture with genuine rivalry context worth knowing before choosing the match.,Medium,NORMAL,,,APPROVED,
England,Nottingham Forest — Derby County,SIGNIFICANT_RIVALRY,TEAM_PAIR,,NEEDS_IDENTITY_REVIEW,"No exact canonical pair; plausible candidates: [['Nottingham Forest [65]'], ['Derby [69]']]",East Midlands Derby,A fixture with genuine rivalry context worth knowing before choosing the match.,Medium,NORMAL,,,APPROVED,
England,Derby County — Leicester City,SIGNIFICANT_RIVALRY,TEAM_PAIR,,NEEDS_IDENTITY_REVIEW,"No exact canonical pair; plausible candidates: [['Derby [69]'], ['Chichester City [7628]', 'Gloucester City [8653]', 'Leicester [46]']]",East Midlands rivalry,A fixture with genuine rivalry context worth knowing before choosing the match.,Medium,NORMAL,,,APPROVED,
England,Coventry City — Leicester City,SIGNIFICANT_RIVALRY,TEAM_PAIR,,NEEDS_IDENTITY_REVIEW,"No exact canonical pair; plausible candidates: [['Coventry [1346]'], ['Chichester City [7628]', 'Gloucester City [8653]', 'Leicester [46]']]",M69 Derby,A fixture with genuine rivalry context worth knowing before choosing the match.,Medium,NORMAL,,,APPROVED,
England,Crystal Palace — Brighton & Hove Albion,SIGNIFICANT_RIVALRY,TEAM_PAIR,,NEEDS_IDENTITY_REVIEW,"No exact canonical pair; plausible candidates: [['Crystal Palace [52]'], ['Brighton [51]']]",Historic rivalry,A fixture with genuine rivalry context worth knowing before choosing the match.,Medium,NORMAL,,,APPROVED,
England,Bolton Wanderers — Wigan Athletic,SIGNIFICANT_RIVALRY,TEAM_PAIR,,NEEDS_IDENTITY_REVIEW,"No exact canonical pair; plausible candidates: [['Bolton [68]'], ['Wigan [61]']]",Greater Manchester/Lancashire rivalry,A fixture with genuine rivalry context worth knowing before choosing the match.,Medium,NORMAL,,,APPROVED,
England,Cambridge United — Peterborough United,SIGNIFICANT_RIVALRY,TEAM_PAIR,,NEEDS_IDENTITY_REVIEW,"No exact canonical pair; plausible candidates: [['Cambridge United [1370]'], ['Peterborough [1350]']]",Cambridgeshire rivalry,A fixture with genuine rivalry context worth knowing before choosing the match.,Medium,NORMAL,,,APPROVED,
England,Southend United — Colchester United,SIGNIFICANT_RIVALRY,TEAM_PAIR,,NEEDS_IDENTITY_REVIEW,"No exact canonical pair; plausible candidates: [['Southend [1341]'], ['Chester [1820]', 'Colchester [1361]', 'Manchester United [33]']]",Essex derby,A fixture with genuine rivalry context worth knowing before choosing the match.,Medium,NORMAL,,,APPROVED,
England,Grimsby Town — Scunthorpe United,SIGNIFICANT_RIVALRY,TEAM_PAIR,,NEEDS_IDENTITY_REVIEW,"No exact canonical pair; plausible candidates: [['Grimsby [1365]'], ['Scunthorpe [1340]']]",Lincolnshire rivalry,A fixture with genuine rivalry context worth knowing before choosing the match.,Medium,NORMAL,,,APPROVED,
England,Notts County — Mansfield Town,SIGNIFICANT_RIVALRY,TEAM_PAIR,1374;1376,READY,Exact canonical identity resolved,Nottinghamshire derby,A fixture with genuine rivalry context worth knowing before choosing the match.,Medium,NORMAL,,,APPROVED,
England,Lincoln City — Grimsby Town,SIGNIFICANT_RIVALRY,TEAM_PAIR,,NEEDS_IDENTITY_REVIEW,"No exact canonical pair; plausible candidates: [['Lincoln [1379]'], ['Grimsby [1365]']]",Lincolnshire derby,A fixture with genuine rivalry context worth knowing before choosing the match.,Medium,NORMAL,,,APPROVED,
England,Oldham Athletic — Rochdale,SIGNIFICANT_RIVALRY,TEAM_PAIR,,NEEDS_IDENTITY_REVIEW,"No exact canonical pair; plausible candidates: [['Oldham [1349]'], ['Rochdale [1339]']]",Greater Manchester derby,A fixture with genuine rivalry context worth knowing before choosing the match.,Medium,NORMAL,,,APPROVED,
England,Carlisle United — Barrow,SIGNIFICANT_RIVALRY,TEAM_PAIR,,NEEDS_IDENTITY_REVIEW,"No exact canonical pair; plausible candidates: [['Carlisle [1371]'], ['Barrow [1819]']]",Cumbrian derby,A fixture with genuine rivalry context worth knowing before choosing the match.,Medium,NORMAL,,,APPROVED,
England,Port Vale — Stoke City,SIGNIFICANT_RIVALRY,TEAM_PAIR,75;1351,READY,Exact canonical identity resolved,Potteries Derby,A fixture with genuine rivalry context worth knowing before choosing the match.,Medium,NORMAL,,,APPROVED,
England,Luton Town — Watford,SIGNIFICANT_RIVALRY,TEAM_PAIR,,NEEDS_IDENTITY_REVIEW,"No exact canonical pair; plausible candidates: [['Luton [1359]'], ['Watford [38]']]",Beds-Herts rivalry,A fixture with genuine rivalry context worth knowing before choosing the match.,Medium,NORMAL,,,APPROVED,
England,Charlton Athletic — Millwall,SIGNIFICANT_RIVALRY,TEAM_PAIR,,NEEDS_IDENTITY_REVIEW,"No exact canonical pair; plausible candidates: [['Carshalton Athletic [7707]', 'Charlton [1335]'], ['Millwall [58]']]",South London derby,A fixture with genuine rivalry context worth knowing before choosing the match.,Medium,NORMAL,,,APPROVED,
England,AFC Wimbledon — MK Dons,SIGNIFICANT_RIVALRY,TEAM_PAIR,,NEEDS_IDENTITY_REVIEW,"No exact canonical pair; plausible candidates: [['AFC Wimbledon [1333]'], []]",Modern historic rivalry,A fixture with genuine rivalry context worth knowing before choosing the match.,Medium,NORMAL,,,APPROVED,
England,Hillsborough,CLASSIC_GROUND,VENUE,582,ALREADY_PUBLISHED,Equivalent published DECIDE fact already exists,Classic ground,"A surviving traditional football experience with character, continuity and matchday identity.",Medium,NORMAL,,,APPROVED,
England,Fratton Park,CLASSIC_GROUND,VENUE,573,READY,Exact canonical identity resolved,Classic ground,"A surviving traditional football experience with character, continuity and matchday identity.",Medium,NORMAL,,,APPROVED,
England,Loftus Road,CLASSIC_GROUND,VENUE,,NEEDS_IDENTITY_REVIEW,No exact canonical venue; plausible candidates: ['MATRADE Loftus Road [20414]'],Classic ground,"A surviving traditional football experience with character, continuity and matchday identity.",Medium,NORMAL,,,APPROVED,
England,Villa Park,CLASSIC_GROUND,VENUE,495,READY,Exact canonical identity resolved,Classic ground,"A surviving traditional football experience with character, continuity and matchday identity.",Medium,NORMAL,,,APPROVED,
England,Craven Cottage,CLASSIC_GROUND,VENUE,535,READY,Exact canonical identity resolved,Classic ground,"A surviving traditional football experience with character, continuity and matchday identity.",Medium,NORMAL,,,APPROVED,
England,Deepdale,CLASSIC_GROUND,VENUE,574,READY,Exact canonical identity resolved,Classic ground,"A surviving traditional football experience with character, continuity and matchday identity.",Medium,NORMAL,,,APPROVED,
England,The Valley,CLASSIC_GROUND,VENUE,518,READY,Exact canonical identity resolved,Classic ground,"A surviving traditional football experience with character, continuity and matchday identity.",Medium,NORMAL,,,APPROVED,
England,Valley Parade,CLASSIC_GROUND,VENUE,,NOT_IN_CURRENT_INVENTORY,Venue is absent from current fixtures and aliases,Classic ground,"A surviving traditional football experience with character, continuity and matchday identity.",Medium,NORMAL,,,APPROVED,
England,Kenilworth Road,CLASSIC_GROUND,VENUE,551,READY,Exact canonical identity resolved,Classic ground,"A surviving traditional football experience with character, continuity and matchday identity.",Medium,NORMAL,,,APPROVED,
England,Turf Moor,CLASSIC_GROUND,VENUE,512,READY,Exact canonical identity resolved,Classic ground,"A surviving traditional football experience with character, continuity and matchday identity.",Medium,NORMAL,,,APPROVED,
England,Elland Road,CLASSIC_GROUND,VENUE,546,READY,Exact canonical identity resolved,Classic ground,"A surviving traditional football experience with character, continuity and matchday identity.",Medium,NORMAL,,,APPROVED,
England,City Ground,CLASSIC_GROUND,VENUE,,NEEDS_IDENTITY_REVIEW,No exact canonical venue; plausible candidates: ['The City Ground [566]'],Classic ground,"A surviving traditional football experience with character, continuity and matchday identity.",Medium,NORMAL,,,APPROVED,
England,Ewood Park,CLASSIC_GROUND,VENUE,500,READY,Exact canonical identity resolved,Classic ground,"A surviving traditional football experience with character, continuity and matchday identity.",Medium,NORMAL,,,APPROVED,
England,Boundary Park,CLASSIC_GROUND,VENUE,568,READY,Exact canonical identity resolved,Classic ground,"A surviving traditional football experience with character, continuity and matchday identity.",Medium,NORMAL,,,APPROVED,
England,Brunton Park,CLASSIC_GROUND,VENUE,517,READY,Exact canonical identity resolved,Classic ground,"A surviving traditional football experience with character, continuity and matchday identity.",Medium,NORMAL,,,APPROVED,
England,Blundell Park,CLASSIC_GROUND,VENUE,538,READY,Exact canonical identity resolved,Classic ground,"A surviving traditional football experience with character, continuity and matchday identity.",Medium,NORMAL,,,APPROVED,
England,The Hawthorns,CLASSIC_GROUND,VENUE,,NEEDS_IDENTITY_REVIEW,Exact venue name/alias resolves to multiple canonical venues,Classic ground,"A surviving traditional football experience with character, continuity and matchday identity.",Medium,NORMAL,,,APPROVED,
England,Bramall Lane,CLASSIC_GROUND,VENUE,581,READY,Exact canonical identity resolved,Classic ground,"A surviving traditional football experience with character, continuity and matchday identity.",Medium,NORMAL,,,APPROVED,
England,Edgeley Park,CLASSIC_GROUND,VENUE,3535,READY,Exact canonical identity resolved,Classic ground,"A surviving traditional football experience with character, continuity and matchday identity.",Medium,NORMAL,,,APPROVED,
England,Field Mill,CLASSIC_GROUND,VENUE,,NOT_IN_CURRENT_INVENTORY,Venue is absent from current fixtures and aliases,Classic ground,"A surviving traditional football experience with character, continuity and matchday identity.",Medium,NORMAL,,,APPROVED,
England,Roots Hall,CLASSIC_GROUND,VENUE,586,READY,Exact canonical identity resolved,Classic ground,"A surviving traditional football experience with character, continuity and matchday identity.",Medium,NORMAL,,,APPROVED,
England,Brisbane Road,CLASSIC_GROUND,VENUE,18618,READY,Exact canonical identity resolved,Classic ground,"A surviving traditional football experience with character, continuity and matchday identity.",Medium,NORMAL,,,APPROVED,
England,Priestfield,CLASSIC_GROUND,VENUE,,NEEDS_IDENTITY_REVIEW,No exact canonical venue; plausible candidates: ['Priestfield Stadium [537]'],Classic ground,"A surviving traditional football experience with character, continuity and matchday identity.",Medium,NORMAL,,,APPROVED,
England,Spotland,CLASSIC_GROUND,VENUE,,NOT_IN_CURRENT_INVENTORY,Venue is absent from current fixtures and aliases,Classic ground,"A surviving traditional football experience with character, continuity and matchday identity.",Medium,NORMAL,,,APPROVED,
England,Victoria Park,CLASSIC_GROUND,VENUE,,NEEDS_IDENTITY_REVIEW,No exact canonical venue; plausible candidates: ['Victory Park [21314]'],Classic ground,"A surviving traditional football experience with character, continuity and matchday identity.",Medium,NORMAL,,,APPROVED,
England,Racecourse Ground,CLASSIC_GROUND,VENUE,,NOT_IN_CURRENT_INVENTORY,Venue is absent from current fixtures and aliases,Classic ground,"A surviving traditional football experience with character, continuity and matchday identity.",Medium,NORMAL,,,APPROVED,
England,Wembley Stadium,FOOTBALL_LANDMARK,VENUE,,NOT_IN_CURRENT_INVENTORY,Venue is absent from current fixtures and aliases,Football landmark,A ground with exceptional significance in English football history.,Low,NORMAL,,,APPROVED,
England,Old Trafford,FOOTBALL_LANDMARK,VENUE,556,READY,Exact canonical identity resolved,Football landmark,A ground with exceptional significance in English football history.,Low,NORMAL,,,APPROVED,
England,Anfield,FOOTBALL_LANDMARK,VENUE,550,READY,Exact canonical identity resolved,Football landmark,A ground with exceptional significance in English football history.,Low,NORMAL,,,APPROVED,
England,Villa Park,FOOTBALL_LANDMARK,VENUE,495,READY,Exact canonical identity resolved,Football landmark,A ground with exceptional significance in English football history.,Medium,NORMAL,,,APPROVED,
England,Bramall Lane,FOOTBALL_LANDMARK,VENUE,581,READY,Exact canonical identity resolved,Football landmark,A ground with exceptional significance in English football history.,Medium,NORMAL,,,APPROVED,
England,Deepdale,FOOTBALL_LANDMARK,VENUE,574,READY,Exact canonical identity resolved,Football landmark,A ground with exceptional significance in English football history.,Medium,NORMAL,,,APPROVED,
England,Hillsborough,FOOTBALL_LANDMARK,VENUE,582,READY,Exact canonical identity resolved,Football landmark,A ground with exceptional significance in English football history.,Medium,NORMAL,,,APPROVED,
England,Stamford Bridge,FOOTBALL_LANDMARK,VENUE,519,READY,Exact canonical identity resolved,Football landmark,A ground with exceptional significance in English football history.,Medium,NORMAL,,,APPROVED,
England,Craven Cottage,UNIQUE_SETTING,VENUE,535,READY,Exact canonical identity resolved,Thames-side setting,A distinctive riverside football setting on the Thames.,High,LEAD,,,APPROVED,
England,St James' Park,UNIQUE_SETTING,VENUE,,NEEDS_IDENTITY_REVIEW,Exact venue name/alias resolves to multiple canonical venues,City-centre setting,A major football ground embedded prominently in central Newcastle.,High,NORMAL,,,APPROVED,
England,Kenilworth Road,UNIQUE_SETTING,VENUE,551,READY,Exact canonical identity resolved,Neighbourhood setting,An extraordinary football ground woven directly into its surrounding residential streets.,High,LEAD,,,APPROVED,
England,Boundary Park,UNIQUE_SETTING,VENUE,568,READY,Exact canonical identity resolved,Pennine setting,"An exposed, elevated football setting shaped by its Pennine location.",Medium,NORMAL,,,APPROVED,
Germany,Borussia Dortmund — Schalke 04,SIGNIFICANT_RIVALRY,TEAM_PAIR,,NEEDS_IDENTITY_REVIEW,"No exact canonical pair; plausible candidates: [['Borussia Dortmund [165]'], ['FC Schalke 04 [174]']]",Revierderby,A genuine German rivalry fixture with additional matchgoing significance.,Medium,NORMAL,,,APPROVED,
Germany,Hamburger SV — St Pauli,SIGNIFICANT_RIVALRY,TEAM_PAIR,,NEEDS_IDENTITY_REVIEW,"No exact canonical pair; plausible candidates: [['Hamburger SV [175]'], ['FC St. Pauli [186]']]",Hamburg Derby,A genuine German rivalry fixture with additional matchgoing significance.,Medium,NORMAL,,,APPROVED,
Germany,1. FC Köln — Borussia Mönchengladbach,SIGNIFICANT_RIVALRY,TEAM_PAIR,163;192,READY,Exact canonical identity resolved,Rheinland derby,A genuine German rivalry fixture with additional matchgoing significance.,Medium,NORMAL,,,APPROVED,
Germany,1. FC Nürnberg — Greuther Fürth,SIGNIFICANT_RIVALRY,TEAM_PAIR,,NEEDS_IDENTITY_REVIEW,"No exact canonical pair; plausible candidates: [['1. FC Nürnberg [171]'], ['SpVgg Greuther Fürth [178]']]",Frankenderby,A genuine German rivalry fixture with additional matchgoing significance.,Medium,NORMAL,,,APPROVED,
Germany,Bayern Munich — Borussia Dortmund,SIGNIFICANT_RIVALRY,TEAM_PAIR,,NEEDS_IDENTITY_REVIEW,"No exact canonical pair; plausible candidates: [['Bayern München [157]'], ['Borussia Dortmund [165]']]",German heavyweight rivalry,A genuine German rivalry fixture with additional matchgoing significance.,Medium,NORMAL,,,APPROVED,
Germany,Bayern Munich — Borussia Mönchengladbach,SIGNIFICANT_RIVALRY,TEAM_PAIR,,NEEDS_IDENTITY_REVIEW,"No exact canonical pair; plausible candidates: [['Bayern München [157]'], ['Borussia Mönchengladbach [163]']]",Historic Klassiker,A genuine German rivalry fixture with additional matchgoing significance.,Medium,NORMAL,,,APPROVED,
Germany,Hamburger SV — Werder Bremen,SIGNIFICANT_RIVALRY,TEAM_PAIR,162;175,READY,Exact canonical identity resolved,Nordderby,A genuine German rivalry fixture with additional matchgoing significance.,Medium,NORMAL,,,APPROVED,
Germany,Bayern Munich — 1860 Munich,SIGNIFICANT_RIVALRY,TEAM_PAIR,,NEEDS_IDENTITY_REVIEW,"No exact canonical pair; plausible candidates: [['Bayern München [157]'], []]",Munich Derby,A genuine German rivalry fixture with additional matchgoing significance.,Medium,NORMAL,,,APPROVED,
Germany,Eintracht Frankfurt — Kickers Offenbach,SIGNIFICANT_RIVALRY,TEAM_PAIR,,NEEDS_IDENTITY_REVIEW,"No exact canonical pair; plausible candidates: [['Eintracht Frankfurt [169]'], []]",Main derby,A genuine German rivalry fixture with additional matchgoing significance.,Medium,NORMAL,,,APPROVED,
Germany,Hannover 96 — Eintracht Braunschweig,SIGNIFICANT_RIVALRY,TEAM_PAIR,166;744,READY,Exact canonical identity resolved,Lower Saxony derby,A genuine German rivalry fixture with additional matchgoing significance.,Medium,NORMAL,,,APPROVED,
Germany,Rot-Weiss Essen — MSV Duisburg,SIGNIFICANT_RIVALRY,TEAM_PAIR,187;1621,READY,Exact canonical identity resolved,Revierderby,A genuine German rivalry fixture with additional matchgoing significance.,Medium,NORMAL,,,APPROVED,
Germany,Dynamo Dresden — 1. FC Magdeburg,SIGNIFICANT_RIVALRY,TEAM_PAIR,179;183,READY,Exact canonical identity resolved,East German rivalry,A genuine German rivalry fixture with additional matchgoing significance.,Medium,NORMAL,,,APPROVED,
Germany,1. FC Saarbrücken — FC Homburg,SIGNIFICANT_RIVALRY,TEAM_PAIR,,NEEDS_IDENTITY_REVIEW,"No exact canonical pair; plausible candidates: [['FC Saarbrücken [1639]'], []]",Saar derby,A genuine German rivalry fixture with additional matchgoing significance.,Medium,NORMAL,,,APPROVED,
Germany,1. FC Kaiserslautern — 1. FC Saarbrücken,SIGNIFICANT_RIVALRY,TEAM_PAIR,,NEEDS_IDENTITY_REVIEW,"No exact canonical pair; plausible candidates: [['1. FC Kaiserslautern [745]'], ['FC Saarbrücken [1639]']]",Southwest rivalry,A genuine German rivalry fixture with additional matchgoing significance.,Medium,NORMAL,,,APPROVED,
Germany,Karlsruher SC — VfB Stuttgart,SIGNIFICANT_RIVALRY,TEAM_PAIR,172;785,READY,Exact canonical identity resolved,Baden-Württemberg rivalry,A genuine German rivalry fixture with additional matchgoing significance.,Medium,NORMAL,,,APPROVED,
Germany,Karlsruher SC — 1. FC Kaiserslautern,SIGNIFICANT_RIVALRY,TEAM_PAIR,745;785,READY,Exact canonical identity resolved,Southwest rivalry,A genuine German rivalry fixture with additional matchgoing significance.,Medium,NORMAL,,,APPROVED,
Germany,Waldhof Mannheim — 1. FC Kaiserslautern,SIGNIFICANT_RIVALRY,TEAM_PAIR,745;4268,READY,Exact canonical identity resolved,Southwest rivalry,A genuine German rivalry fixture with additional matchgoing significance.,Medium,NORMAL,,,APPROVED,
Germany,Waldhof Mannheim — Kickers Offenbach,SIGNIFICANT_RIVALRY,TEAM_PAIR,,NEEDS_IDENTITY_REVIEW,"No exact canonical pair; plausible candidates: [['Waldhof Mannheim [4268]'], []]",Regional rivalry,A genuine German rivalry fixture with additional matchgoing significance.,Medium,NORMAL,,,APPROVED,
Germany,Rot-Weiss Essen — Schalke 04,SIGNIFICANT_RIVALRY,TEAM_PAIR,,NEEDS_IDENTITY_REVIEW,"No exact canonical pair; plausible candidates: [['Rot-Weiß Essen [1621]'], ['FC Schalke 04 [174]']]",Ruhr rivalry,A genuine German rivalry fixture with additional matchgoing significance.,Medium,NORMAL,,,APPROVED,
Germany,Hansa Rostock — St Pauli,SIGNIFICANT_RIVALRY,TEAM_PAIR,,NEEDS_IDENTITY_REVIEW,"No exact canonical pair; plausible candidates: [['Hansa Rostock [1321]'], ['FC St. Pauli [186]']]",North German rivalry,A genuine German rivalry fixture with additional matchgoing significance.,Medium,NORMAL,,,APPROVED,
Germany,Dynamo Dresden — Lokomotive Leipzig,SIGNIFICANT_RIVALRY,TEAM_PAIR,183;9355,READY,Exact canonical identity resolved,East German rivalry,A genuine German rivalry fixture with additional matchgoing significance.,Medium,NORMAL,,,APPROVED,
Germany,1. FC Magdeburg — Hallescher FC,SIGNIFICANT_RIVALRY,TEAM_PAIR,179;1316,READY,Exact canonical identity resolved,Saxony-Anhalt derby,A genuine German rivalry fixture with additional matchgoing significance.,Medium,NORMAL,,,APPROVED,
Germany,Bayern Munich — Hamburger SV,SIGNIFICANT_RIVALRY,TEAM_PAIR,,NEEDS_IDENTITY_REVIEW,"No exact canonical pair; plausible candidates: [['Bayern München [157]'], ['Hamburger SV [175]']]",Historic North-South rivalry,A genuine German rivalry fixture with additional matchgoing significance.,Medium,NORMAL,,,APPROVED,
Germany,Fritz-Walter-Stadion,CLASSIC_GROUND,VENUE,23073,READY,Exact canonical identity resolved,Classic ground,A traditional German football ground whose character and continuity add to the matchday.,Medium,NORMAL,,,APPROVED,
Germany,Sportpark Ronhof,CLASSIC_GROUND,VENUE,,NEEDS_IDENTITY_REVIEW,No exact canonical venue; plausible candidates: ['Sportpark Ronhof Thomas Sommer [23064]'],Classic ground,A traditional German football ground whose character and continuity add to the matchday.,High,NORMAL,,,APPROVED,
Germany,Bremer Brücke,CLASSIC_GROUND,VENUE,23076,READY,Exact canonical identity resolved,Classic ground,A traditional German football ground whose character and continuity add to the matchday.,High,NORMAL,,,APPROVED,
Germany,Millerntor-Stadion,CLASSIC_GROUND,VENUE,23069,READY,Exact canonical identity resolved,Classic ground,A traditional German football ground whose character and continuity add to the matchday.,Medium,NORMAL,,,APPROVED,
Germany,Ruhrstadion,CLASSIC_GROUND,VENUE,,NEEDS_IDENTITY_REVIEW,No exact canonical venue; plausible candidates: ['Vonovia Ruhrstadion [23063]'],Classic ground,A traditional German football ground whose character and continuity add to the matchday.,Medium,NORMAL,,,APPROVED,
Germany,Stadion am Böllenfalltor,CLASSIC_GROUND,VENUE,,NEEDS_IDENTITY_REVIEW,No exact canonical venue; plausible candidates: ['Merck-Stadion am Böllenfalltor [23067]'],Classic ground,A traditional German football ground whose character and continuity add to the matchday.,Medium,NORMAL,,,APPROVED,
Germany,Eintracht-Stadion,CLASSIC_GROUND,VENUE,23072,READY,Exact canonical identity resolved,Classic ground,A traditional German football ground whose character and continuity add to the matchday.,Medium,NORMAL,,,APPROVED,
Germany,SchücoArena,CLASSIC_GROUND,VENUE,23070,READY,Exact canonical identity resolved,Classic ground,A traditional German football ground whose character and continuity add to the matchday.,Medium,NORMAL,,,APPROVED,
Germany,Holstein-Stadion,CLASSIC_GROUND,VENUE,23071,READY,Exact canonical identity resolved,Classic ground,A traditional German football ground whose character and continuity add to the matchday.,Medium,NORMAL,,,APPROVED,
Germany,Rudolf-Harbig-Stadion,CLASSIC_GROUND,VENUE,23068,READY,Exact canonical identity resolved,Classic ground,A traditional German football ground whose character and continuity add to the matchday.,Medium,NORMAL,,,APPROVED,
Germany,Max-Morlock-Stadion,CLASSIC_GROUND,VENUE,23062,READY,Exact canonical identity resolved,Classic ground,A traditional German football ground whose character and continuity add to the matchday.,Medium,NORMAL,,,APPROVED,
Germany,Ostseestadion,CLASSIC_GROUND,VENUE,23374,READY,Exact canonical identity resolved,Classic ground,A traditional German football ground whose character and continuity add to the matchday.,Medium,NORMAL,,,APPROVED,
Germany,Olympiastadion Berlin,FOOTBALL_LANDMARK,VENUE,23059,READY,Exact canonical identity resolved,Football landmark,A venue with exceptional significance in German football history.,Medium,NORMAL,,,APPROVED,
Germany,Fritz-Walter-Stadion,FOOTBALL_LANDMARK,VENUE,23073,READY,Exact canonical identity resolved,Football landmark,A venue with exceptional significance in German football history.,Medium,NORMAL,,,APPROVED,
Germany,Max-Morlock-Stadion,FOOTBALL_LANDMARK,VENUE,23062,READY,Exact canonical identity resolved,Football landmark,A venue with exceptional significance in German football history.,Medium,NORMAL,,,APPROVED,
Germany,Ludwigsparkstadion,FOOTBALL_LANDMARK,VENUE,,NOT_IN_CURRENT_INVENTORY,Venue is absent from current fixtures and aliases,Football landmark,A venue with exceptional significance in German football history.,Medium,NORMAL,,,APPROVED,
Germany,Westfalenstadion,FOOTBALL_LANDMARK,VENUE,,NOT_IN_CURRENT_INVENTORY,Venue is absent from current fixtures and aliases,Football landmark,A venue with exceptional significance in German football history.,Medium,NORMAL,,,APPROVED,
Germany,Fritz-Walter-Stadion,UNIQUE_SETTING,VENUE,23073,READY,Exact canonical identity resolved,Betzenberg setting,"A near-50,000-capacity ground towering above the city on the Betzenberg.",Very High,LEAD,,,APPROVED,
Germany,Voith-Arena,UNIQUE_SETTING,VENUE,23066,READY,Exact canonical identity resolved,Germany's highest pro ground,"The highest stadium in German professional football, around 555m above sea level.",Very High,LEAD,,,APPROVED,
Germany,Hansa Rostock,EXCEPTIONAL_SUPPORT,TEAM,1321,READY,Exact canonical identity resolved,Exceptional support,"2025/26 average home attendance 24,948, around 2.38× the 3. Liga average.",Very High,LEAD,https://www.dfb.de/news/rekorde-talente-fans-die-highlightfakten-der-3-liga,2025/26,APPROVED_EVIDENCE,"2025/26 completed season; league average 10,470."
Germany,Alemannia Aachen,EXCEPTIONAL_SUPPORT,TEAM,4259,READY,Exact canonical identity resolved,Exceptional support,"2025/26 average home attendance 23,098, around 2.21× the 3. Liga average.",Very High,LEAD,https://www.dfb.de/news/rekorde-talente-fans-die-highlightfakten-der-3-liga,2025/26,APPROVED_EVIDENCE,"2025/26 completed season; league average 10,470."
Germany,MSV Duisburg,EXCEPTIONAL_SUPPORT,TEAM,187,READY,Exact canonical identity resolved,Exceptional support,"2025/26 average home attendance 22,949, around 2.19× the 3. Liga average.",Very High,LEAD,https://www.dfb.de/news/rekorde-talente-fans-die-highlightfakten-der-3-liga,2025/26,APPROVED_EVIDENCE,"2025/26 completed season; league average 10,470."
Germany,Rot-Weiss Essen,EXCEPTIONAL_SUPPORT,TEAM,1621,READY,Exact canonical identity resolved,Exceptional support,"2025/26 average home attendance 17,361, around 1.66× the 3. Liga average.",Very High,LEAD,https://www.dfb.de/news/rekorde-talente-fans-die-highlightfakten-der-3-liga,2025/26,APPROVED_EVIDENCE,"2025/26 completed season; league average 10,470."
Spain,Real Madrid — Barcelona,SIGNIFICANT_RIVALRY,TEAM_PAIR,529;541,READY,Exact canonical identity resolved,El Clásico,A genuine Spanish rivalry or derby that adds meaningful context to the fixture.,Medium,NORMAL,,,APPROVED,
Spain,Real Madrid — Atlético Madrid,SIGNIFICANT_RIVALRY,TEAM_PAIR,530;541,READY,Exact canonical identity resolved,Madrid Derby,A genuine Spanish rivalry or derby that adds meaningful context to the fixture.,Medium,NORMAL,,,APPROVED,
Spain,Barcelona — Espanyol,SIGNIFICANT_RIVALRY,TEAM_PAIR,529;540,READY,Exact canonical identity resolved,Barcelona Derby,A genuine Spanish rivalry or derby that adds meaningful context to the fixture.,Medium,NORMAL,,,APPROVED,
Spain,Sevilla — Real Betis,SIGNIFICANT_RIVALRY,TEAM_PAIR,536;543,READY,Exact canonical identity resolved,Seville Derby,A genuine Spanish rivalry or derby that adds meaningful context to the fixture.,Medium,NORMAL,,,APPROVED,
Spain,Athletic Club — Real Sociedad,SIGNIFICANT_RIVALRY,TEAM_PAIR,531;548,READY,Exact canonical identity resolved,Basque Derby,A genuine Spanish rivalry or derby that adds meaningful context to the fixture.,Medium,NORMAL,,,APPROVED,
Spain,Sporting Gijón — Real Oviedo,SIGNIFICANT_RIVALRY,TEAM_PAIR,,NEEDS_IDENTITY_REVIEW,"No exact canonical pair; plausible candidates: [['Sporting Gijon [731]'], ['Oviedo [718]']]",Asturian Derby,A genuine Spanish rivalry or derby that adds meaningful context to the fixture.,High,NORMAL,,,APPROVED,
Spain,Celta Vigo — Deportivo La Coruña,SIGNIFICANT_RIVALRY,TEAM_PAIR,538;544,READY,Exact canonical identity resolved,Galician Derby,A genuine Spanish rivalry or derby that adds meaningful context to the fixture.,Medium,NORMAL,,,APPROVED,
Spain,Valencia — Levante,SIGNIFICANT_RIVALRY,TEAM_PAIR,532;539,READY,Exact canonical identity resolved,Valencia Derby,A genuine Spanish rivalry or derby that adds meaningful context to the fixture.,Medium,NORMAL,,,APPROVED,
Spain,Villarreal — Valencia,SIGNIFICANT_RIVALRY,TEAM_PAIR,532;533,READY,Exact canonical identity resolved,Valencian rivalry,A genuine Spanish rivalry or derby that adds meaningful context to the fixture.,Medium,NORMAL,,,APPROVED,
Spain,Real Betis — Cádiz,SIGNIFICANT_RIVALRY,TEAM_PAIR,543;724,READY,Exact canonical identity resolved,Andalusian rivalry,A genuine Spanish rivalry or derby that adds meaningful context to the fixture.,Medium,NORMAL,,,APPROVED,
Spain,Málaga — Granada,SIGNIFICANT_RIVALRY,TEAM_PAIR,,NEEDS_IDENTITY_REVIEW,"No exact canonical pair; plausible candidates: [['Malaga [535]'], ['Granada CF [715]']]",Andalusian rivalry,A genuine Spanish rivalry or derby that adds meaningful context to the fixture.,Medium,NORMAL,,,APPROVED,
Spain,Tenerife — Las Palmas,SIGNIFICANT_RIVALRY,TEAM_PAIR,534;719,READY,Exact canonical identity resolved,Canary Islands Derby,A genuine Spanish rivalry or derby that adds meaningful context to the fixture.,High,NORMAL,,,APPROVED,
Spain,Real Murcia — Cartagena,SIGNIFICANT_RIVALRY,TEAM_PAIR,,NEEDS_IDENTITY_REVIEW,"No exact canonical pair; plausible candidates: [['Real Murcia [5275]'], ['FC Cartagena [5262]']]",Murcia regional derby,A genuine Spanish rivalry or derby that adds meaningful context to the fixture.,High,NORMAL,,,APPROVED,
Spain,Elche — Hércules,SIGNIFICANT_RIVALRY,TEAM_PAIR,797;4666,READY,Exact canonical identity resolved,Alicante provincial derby,A genuine Spanish rivalry or derby that adds meaningful context to the fixture.,High,NORMAL,,,APPROVED,
Spain,Cádiz — Xerez,SIGNIFICANT_RIVALRY,TEAM_PAIR,,NEEDS_IDENTITY_REVIEW,"No exact canonical pair; plausible candidates: [['Cadiz [724]'], []]",Cádiz provincial rivalry,A genuine Spanish rivalry or derby that adds meaningful context to the fixture.,Medium,NORMAL,,,APPROVED,
Spain,Athletic Club — Osasuna,SIGNIFICANT_RIVALRY,TEAM_PAIR,531;727,READY,Exact canonical identity resolved,Northern regional rivalry,A genuine Spanish rivalry or derby that adds meaningful context to the fixture.,Medium,NORMAL,,,APPROVED,
Spain,Real Sociedad — Osasuna,SIGNIFICANT_RIVALRY,TEAM_PAIR,548;727,READY,Exact canonical identity resolved,Northern regional rivalry,A genuine Spanish rivalry or derby that adds meaningful context to the fixture.,Medium,NORMAL,,,APPROVED,
Spain,Eibar — Real Sociedad,SIGNIFICANT_RIVALRY,TEAM_PAIR,545;548,READY,Exact canonical identity resolved,Basque regional rivalry,A genuine Spanish rivalry or derby that adds meaningful context to the fixture.,Medium,NORMAL,,,APPROVED,
Spain,Mestalla,CLASSIC_GROUND,VENUE,,NEEDS_IDENTITY_REVIEW,No exact canonical venue; plausible candidates: ['Estadio de Mestalla [23263]'],Classic ground,A Spanish ground whose surviving character and football continuity make it worth seeking out.,High,NORMAL,,,APPROVED,
Spain,Estadio de Vallecas,CLASSIC_GROUND,VENUE,23276,READY,Exact canonical identity resolved,Classic ground,A Spanish ground whose surviving character and football continuity make it worth seeking out.,High,NORMAL,,,APPROVED,
Spain,Ramón Sánchez-Pizjuán,CLASSIC_GROUND,VENUE,,NEEDS_IDENTITY_REVIEW,No exact canonical venue; plausible candidates: ['Estadio Ramón Sánchez Pizjuán [23265]'],Classic ground,A Spanish ground whose surviving character and football continuity make it worth seeking out.,High,NORMAL,,,APPROVED,
Spain,El Molinón,CLASSIC_GROUND,VENUE,,NEEDS_IDENTITY_REVIEW,No exact canonical venue; plausible candidates: ['Estadio Municipal El Molinón [23564]'],Classic ground,A Spanish ground whose surviving character and football continuity make it worth seeking out.,High,NORMAL,,,APPROVED,
Spain,Balaídos,CLASSIC_GROUND,VENUE,,NEEDS_IDENTITY_REVIEW,No exact canonical venue; plausible candidates: ['Estadio Abanca-Balaídos [23266]'],Classic ground,A Spanish ground whose surviving character and football continuity make it worth seeking out.,High,NORMAL,,,APPROVED,
Spain,La Romareda,CLASSIC_GROUND,VENUE,,NEEDS_IDENTITY_REVIEW,No exact canonical venue; plausible candidates: ['Estadio de la Romareda [23233]'],Classic ground,A Spanish ground whose surviving character and football continuity make it worth seeking out.,High,NORMAL,,,APPROVED,
Spain,El Sardinero,CLASSIC_GROUND,VENUE,,NEEDS_IDENTITY_REVIEW,No exact canonical venue; plausible candidates: ['Campos de Sport de El Sardinero [23278]'],Classic ground,A Spanish ground whose surviving character and football continuity make it worth seeking out.,High,NORMAL,,,APPROVED,
Spain,Nuevo Mirandilla,CLASSIC_GROUND,VENUE,,NEEDS_IDENTITY_REVIEW,No exact canonical venue; plausible candidates: ['Estadio Nuevo Mirandilla [23563]'],Classic ground,A Spanish ground whose surviving character and football continuity make it worth seeking out.,High,NORMAL,,,APPROVED,
Spain,Riazor,CLASSIC_GROUND,VENUE,,NEEDS_IDENTITY_REVIEW,No exact canonical venue; plausible candidates: ['Estadio Abanca-Riazor [23272]'],Classic ground,A Spanish ground whose surviving character and football continuity make it worth seeking out.,High,NORMAL,,,APPROVED,
Spain,Heliodoro Rodríguez López,CLASSIC_GROUND,VENUE,,NEEDS_IDENTITY_REVIEW,No exact canonical venue; plausible candidates: ['Estadio Heliodoro Rodríguez Lopéz [23559]'],Classic ground,A Spanish ground whose surviving character and football continuity make it worth seeking out.,High,NORMAL,,,APPROVED,
Spain,Ipurua,CLASSIC_GROUND,VENUE,,NEEDS_IDENTITY_REVIEW,No exact canonical venue; plausible candidates: ['Estadio Municipal de Ipurúa [23554]'],Classic ground,A Spanish ground whose surviving character and football continuity make it worth seeking out.,High,NORMAL,,,APPROVED,
Spain,Santiago Bernabéu,FOOTBALL_LANDMARK,VENUE,,NEEDS_IDENTITY_REVIEW,"No exact canonical venue; plausible candidates: ['Bernabéu [23238]', 'Estadio Santiago Bernabéu [23269]']",Football landmark,A venue with exceptional significance in Spanish football history.,Low,NORMAL,,,APPROVED,
Spain,Camp Nou,FOOTBALL_LANDMARK,VENUE,23260,READY,Exact canonical identity resolved,Football landmark,A venue with exceptional significance in Spanish football history.,Low,NORMAL,,,APPROVED,
Spain,Mestalla,FOOTBALL_LANDMARK,VENUE,,NEEDS_IDENTITY_REVIEW,No exact canonical venue; plausible candidates: ['Estadio de Mestalla [23263]'],Football landmark,A venue with exceptional significance in Spanish football history.,Medium,NORMAL,,,APPROVED,
Spain,San Mamés,FOOTBALL_LANDMARK,VENUE,,NEEDS_IDENTITY_REVIEW,No exact canonical venue; plausible candidates: ['San Mamés Barria [23262]'],Football landmark,A venue with exceptional significance in Spanish football history.,Medium,NORMAL,,,APPROVED,
Spain,El Molinón,FOOTBALL_LANDMARK,VENUE,,NEEDS_IDENTITY_REVIEW,No exact canonical venue; plausible candidates: ['Estadio Municipal El Molinón [23564]'],Football landmark,A venue with exceptional significance in Spanish football history.,Medium,NORMAL,,,APPROVED,
Spain,Ramón Sánchez-Pizjuán,FOOTBALL_LANDMARK,VENUE,,NEEDS_IDENTITY_REVIEW,No exact canonical venue; plausible candidates: ['Estadio Ramón Sánchez Pizjuán [23265]'],Football landmark,A venue with exceptional significance in Spanish football history.,Medium,NORMAL,,,APPROVED,
Spain,Ipurua,UNIQUE_SETTING,VENUE,,NEEDS_IDENTITY_REVIEW,No exact canonical venue; plausible candidates: ['Estadio Municipal de Ipurúa [23554]'],Eibar hillside setting,"A compact football ground squeezed into Eibar's steep, dense Basque urban landscape.",Very High,LEAD,,,APPROVED,
Spain,Estadio de Vallecas,UNIQUE_SETTING,VENUE,23276,READY,Exact canonical identity resolved,Vallecas neighbourhood setting,A football ground embedded directly into the identity and streets of Vallecas.,Very High,LEAD,,,APPROVED,
Italy,Inter — AC Milan,SIGNIFICANT_RIVALRY,TEAM_PAIR,489;505,READY,Exact canonical identity resolved,Derby della Madonnina,A genuine Italian rivalry fixture with matchgoing context worth surfacing.,Medium,NORMAL,,,APPROVED,
Italy,Roma — Lazio,SIGNIFICANT_RIVALRY,TEAM_PAIR,,NEEDS_IDENTITY_REVIEW,"No exact canonical pair; plausible candidates: [[], ['Lazio [487]']]",Derby della Capitale,A genuine Italian rivalry fixture with matchgoing context worth surfacing.,Medium,NORMAL,,,APPROVED,
Italy,Juventus — Inter,SIGNIFICANT_RIVALRY,TEAM_PAIR,496;505,READY,Exact canonical identity resolved,Derby d'Italia,A genuine Italian rivalry fixture with matchgoing context worth surfacing.,Medium,NORMAL,,,APPROVED,
Italy,Juventus — Torino,SIGNIFICANT_RIVALRY,TEAM_PAIR,496;503,READY,Exact canonical identity resolved,Derby della Mole,A genuine Italian rivalry fixture with matchgoing context worth surfacing.,Medium,NORMAL,,,APPROVED,
Italy,Genoa — Sampdoria,SIGNIFICANT_RIVALRY,TEAM_PAIR,495;498,READY,Exact canonical identity resolved,Derby della Lanterna,A genuine Italian rivalry fixture with matchgoing context worth surfacing.,Medium,NORMAL,,,APPROVED,
Italy,Napoli — Roma,SIGNIFICANT_RIVALRY,TEAM_PAIR,,NEEDS_IDENTITY_REVIEW,"No exact canonical pair; plausible candidates: [['Napoli [492]'], []]",Southern rivalry,A genuine Italian rivalry fixture with matchgoing context worth surfacing.,Medium,NORMAL,,,APPROVED,
Italy,Fiorentina — Juventus,SIGNIFICANT_RIVALRY,TEAM_PAIR,496;502,READY,Exact canonical identity resolved,Historic rivalry,A genuine Italian rivalry fixture with matchgoing context worth surfacing.,Medium,NORMAL,,,APPROVED,
Italy,Bologna — Parma,SIGNIFICANT_RIVALRY,TEAM_PAIR,500;523,READY,Exact canonical identity resolved,Emilia rivalry,A genuine Italian rivalry fixture with matchgoing context worth surfacing.,Medium,NORMAL,,,APPROVED,
Italy,Bologna — Fiorentina,SIGNIFICANT_RIVALRY,TEAM_PAIR,500;502,READY,Exact canonical identity resolved,Apennine rivalry,A genuine Italian rivalry fixture with matchgoing context worth surfacing.,Medium,NORMAL,,,APPROVED,
Italy,Atalanta — Brescia,SIGNIFICANT_RIVALRY,TEAM_PAIR,,NEEDS_IDENTITY_REVIEW,"No exact canonical pair; plausible candidates: [['Atalanta II [22104]', 'Atalanta [499]'], ['Union Brescia [26356]']]",Lombardy rivalry,A genuine Italian rivalry fixture with matchgoing context worth surfacing.,Medium,NORMAL,,,APPROVED,
Italy,Palermo — Catania,SIGNIFICANT_RIVALRY,TEAM_PAIR,,NEEDS_IDENTITY_REVIEW,"No exact canonical pair; plausible candidates: [['Palermo [522]'], []]",Sicilian Derby,A genuine Italian rivalry fixture with matchgoing context worth surfacing.,Medium,NORMAL,,,APPROVED,
Italy,Bari — Lecce,SIGNIFICANT_RIVALRY,TEAM_PAIR,,NEEDS_IDENTITY_REVIEW,"No exact canonical pair; plausible candidates: [[], ['Lecce [867]']]",Apulian Derby,A genuine Italian rivalry fixture with matchgoing context worth surfacing.,Medium,NORMAL,,,APPROVED,
Italy,Verona — Vicenza,SIGNIFICANT_RIVALRY,TEAM_PAIR,,NEEDS_IDENTITY_REVIEW,"No exact canonical pair; plausible candidates: [['Hellas Verona [504]'], ['Vicenza Virtus [1584]']]",Veneto rivalry,A genuine Italian rivalry fixture with matchgoing context worth surfacing.,Medium,NORMAL,,,APPROVED,
Italy,Verona — Brescia,SIGNIFICANT_RIVALRY,TEAM_PAIR,,NEEDS_IDENTITY_REVIEW,"No exact canonical pair; plausible candidates: [['Hellas Verona [504]'], ['Union Brescia [26356]']]",Regional rivalry,A genuine Italian rivalry fixture with matchgoing context worth surfacing.,Medium,NORMAL,,,APPROVED,
Italy,Pisa — Livorno,SIGNIFICANT_RIVALRY,TEAM_PAIR,801;868,READY,Exact canonical identity resolved,Tuscan Derby,A genuine Italian rivalry fixture with matchgoing context worth surfacing.,Medium,NORMAL,,,APPROVED,
Italy,Spezia — Pisa,SIGNIFICANT_RIVALRY,TEAM_PAIR,515;801,READY,Exact canonical identity resolved,Regional rivalry,A genuine Italian rivalry fixture with matchgoing context worth surfacing.,Medium,NORMAL,,,APPROVED,
Italy,Perugia — Ternana,SIGNIFICANT_RIVALRY,TEAM_PAIR,,NEEDS_IDENTITY_REVIEW,"No exact canonical pair; plausible candidates: [['Perugia [524]'], []]",Umbria Derby,A genuine Italian rivalry fixture with matchgoing context worth surfacing.,Medium,NORMAL,,,APPROVED,
Italy,Reggiana — Parma,SIGNIFICANT_RIVALRY,TEAM_PAIR,523;880,READY,Exact canonical identity resolved,Emilia derby,A genuine Italian rivalry fixture with matchgoing context worth surfacing.,Medium,NORMAL,,,APPROVED,
Italy,Cesena — Rimini,SIGNIFICANT_RIVALRY,TEAM_PAIR,,NEEDS_IDENTITY_REVIEW,"No exact canonical pair; plausible candidates: [['Cesena [509]'], []]",Romagna derby,A genuine Italian rivalry fixture with matchgoing context worth surfacing.,Medium,NORMAL,,,APPROVED,
Italy,Modena — Bologna,SIGNIFICANT_RIVALRY,TEAM_PAIR,500;899,READY,Exact canonical identity resolved,Emilia rivalry,A genuine Italian rivalry fixture with matchgoing context worth surfacing.,Medium,NORMAL,,,APPROVED,
Italy,Modena — Reggiana,SIGNIFICANT_RIVALRY,TEAM_PAIR,880;899,READY,Exact canonical identity resolved,Emilia derby,A genuine Italian rivalry fixture with matchgoing context worth surfacing.,Medium,NORMAL,,,APPROVED,
Italy,Padova — Vicenza,SIGNIFICANT_RIVALRY,TEAM_PAIR,,NEEDS_IDENTITY_REVIEW,"No exact canonical pair; plausible candidates: [['Padova [870]'], ['Vicenza Virtus [1584]']]",Veneto rivalry,A genuine Italian rivalry fixture with matchgoing context worth surfacing.,Medium,NORMAL,,,APPROVED,
Italy,Triestina — Udinese,SIGNIFICANT_RIVALRY,TEAM_PAIR,,NEEDS_IDENTITY_REVIEW,"No exact canonical pair; plausible candidates: [[], ['Udinese [494]']]",Friuli-Venezia Giulia rivalry,A genuine Italian rivalry fixture with matchgoing context worth surfacing.,Medium,NORMAL,,,APPROVED,
Italy,Catanzaro — Cosenza,SIGNIFICANT_RIVALRY,TEAM_PAIR,,NEEDS_IDENTITY_REVIEW,"No exact canonical pair; plausible candidates: [['Catanzaro [1687]'], []]",Calabrian Derby,A genuine Italian rivalry fixture with matchgoing context worth surfacing.,Medium,NORMAL,,,APPROVED,
Italy,Reggina — Messina,SIGNIFICANT_RIVALRY,TEAM_PAIR,,NEEDS_IDENTITY_REVIEW,"No exact canonical pair; plausible candidates: [['Reggiana [880]'], []]",Strait Derby,A genuine Italian rivalry fixture with matchgoing context worth surfacing.,Medium,NORMAL,,,APPROVED,
Italy,Salernitana — Avellino,SIGNIFICANT_RIVALRY,TEAM_PAIR,,NEEDS_IDENTITY_REVIEW,"No exact canonical pair; plausible candidates: [[], ['Avellino [528]']]",Campania rivalry,A genuine Italian rivalry fixture with matchgoing context worth surfacing.,Medium,NORMAL,,,APPROVED,
Italy,Napoli — Salernitana,SIGNIFICANT_RIVALRY,TEAM_PAIR,,NEEDS_IDENTITY_REVIEW,"No exact canonical pair; plausible candidates: [['Napoli [492]'], []]",Campania rivalry,A genuine Italian rivalry fixture with matchgoing context worth surfacing.,Medium,NORMAL,,,APPROVED,
Italy,Palermo — Messina,SIGNIFICANT_RIVALRY,TEAM_PAIR,,NEEDS_IDENTITY_REVIEW,"No exact canonical pair; plausible candidates: [['Palermo [522]'], []]",Sicilian rivalry,A genuine Italian rivalry fixture with matchgoing context worth surfacing.,Medium,NORMAL,,,APPROVED,
Italy,Luigi Ferraris,CLASSIC_GROUND,VENUE,,NEEDS_IDENTITY_REVIEW,No exact canonical venue; plausible candidates: ['Stadio Comunale Luigi Ferraris [23104]'],Classic ground,"A surviving Italian football experience with distinctive history, structure or neighbourhood character.",High,NORMAL,,,APPROVED,
Italy,Renato Dall'Ara,CLASSIC_GROUND,VENUE,,NEEDS_IDENTITY_REVIEW,"No exact canonical venue; plausible candidates: [""Stadio Renato Dall'Ara [23107]""]",Classic ground,"A surviving Italian football experience with distinctive history, structure or neighbourhood character.",High,NORMAL,,,APPROVED,
Italy,Artemio Franchi,CLASSIC_GROUND,VENUE,,NEEDS_IDENTITY_REVIEW,No exact canonical venue; plausible candidates: ['Stadio Artemio Franchi [23108]'],Classic ground,"A surviving Italian football experience with distinctive history, structure or neighbourhood character.",High,NORMAL,,,APPROVED,
Italy,San Siro,CLASSIC_GROUND,VENUE,23100,READY,Exact canonical identity resolved,Classic ground,"A surviving Italian football experience with distinctive history, structure or neighbourhood character.",High,NORMAL,,,APPROVED,
Italy,Stadio Olimpico,CLASSIC_GROUND,VENUE,23098,READY,Exact canonical identity resolved,Classic ground,"A surviving Italian football experience with distinctive history, structure or neighbourhood character.",High,NORMAL,,,APPROVED,
Italy,Ennio Tardini,CLASSIC_GROUND,VENUE,,NEEDS_IDENTITY_REVIEW,No exact canonical venue; plausible candidates: ['Stadio Ennio Tardini [23112]'],Classic ground,"A surviving Italian football experience with distinctive history, structure or neighbourhood character.",High,NORMAL,,,APPROVED,
Italy,Stadio Arechi,CLASSIC_GROUND,VENUE,,NOT_IN_CURRENT_INVENTORY,Venue is absent from current fixtures and aliases,Classic ground,"A surviving Italian football experience with distinctive history, structure or neighbourhood character.",High,NORMAL,,,APPROVED,
Italy,Renzo Barbera,CLASSIC_GROUND,VENUE,,NEEDS_IDENTITY_REVIEW,No exact canonical venue; plausible candidates: ['Stadio Renzo Barbera [23122]'],Classic ground,"A surviving Italian football experience with distinctive history, structure or neighbourhood character.",High,NORMAL,,,APPROVED,
Italy,Via del Mare,CLASSIC_GROUND,VENUE,,NEEDS_IDENTITY_REVIEW,No exact canonical venue; plausible candidates: ['Stadio Comunale Via del Mare [23113]'],Classic ground,"A surviving Italian football experience with distinctive history, structure or neighbourhood character.",High,NORMAL,,,APPROVED,
Italy,Arena Garibaldi,CLASSIC_GROUND,VENUE,,NEEDS_IDENTITY_REVIEW,No exact canonical venue; plausible candidates: ['Arena Garibaldi - Stadio Romeo Anconetani [23125]'],Classic ground,"A surviving Italian football experience with distinctive history, structure or neighbourhood character.",High,NORMAL,,,APPROVED,
Italy,Pier Luigi Penzo,CLASSIC_GROUND,VENUE,,NOT_IN_CURRENT_INVENTORY,Venue is absent from current fixtures and aliases,Classic ground,"A surviving Italian football experience with distinctive history, structure or neighbourhood character.",High,NORMAL,,,APPROVED,
Italy,San Siro,FOOTBALL_LANDMARK,VENUE,23100,ALREADY_PUBLISHED,Equivalent published DECIDE fact already exists,Football landmark,A venue with exceptional significance in Italian football history.,Medium,NORMAL,,,APPROVED,
Italy,Stadio Olimpico,FOOTBALL_LANDMARK,VENUE,23098,READY,Exact canonical identity resolved,Football landmark,A venue with exceptional significance in Italian football history.,Medium,NORMAL,,,APPROVED,
Italy,Luigi Ferraris,FOOTBALL_LANDMARK,VENUE,,NEEDS_IDENTITY_REVIEW,No exact canonical venue; plausible candidates: ['Stadio Comunale Luigi Ferraris [23104]'],Football landmark,A venue with exceptional significance in Italian football history.,Medium,NORMAL,,,APPROVED,
Italy,Renato Dall'Ara,FOOTBALL_LANDMARK,VENUE,,NEEDS_IDENTITY_REVIEW,"No exact canonical venue; plausible candidates: [""Stadio Renato Dall'Ara [23107]""]",Football landmark,A venue with exceptional significance in Italian football history.,Medium,NORMAL,,,APPROVED,
Italy,Artemio Franchi,FOOTBALL_LANDMARK,VENUE,,NEEDS_IDENTITY_REVIEW,No exact canonical venue; plausible candidates: ['Stadio Artemio Franchi [23108]'],Football landmark,A venue with exceptional significance in Italian football history.,Medium,NORMAL,,,APPROVED,
Italy,Stadio Diego Armando Maradona,FOOTBALL_LANDMARK,VENUE,23102,READY,Exact canonical identity resolved,Football landmark,A venue with exceptional significance in Italian football history.,Medium,NORMAL,,,APPROVED,
Italy,Pier Luigi Penzo,UNIQUE_SETTING,VENUE,,NOT_IN_CURRENT_INVENTORY,Venue is absent from current fixtures and aliases,Football on the Venetian lagoon,"Reach one of Italy's oldest football grounds on Sant'Elena, at the edge of the Venetian lagoon.",Very High,LEAD,,,APPROVED,
Italy,Luigi Ferraris,UNIQUE_SETTING,VENUE,,NEEDS_IDENTITY_REVIEW,No exact canonical venue; plausible candidates: ['Stadio Comunale Luigi Ferraris [23104]'],Marassi neighbourhood setting,A historic football ground tightly embedded in Genoa's dense Marassi neighbourhood.,High,NORMAL,,,REVIEW,
France,Paris Saint-Germain — Marseille,SIGNIFICANT_RIVALRY,TEAM_PAIR,81;85,READY,Exact canonical identity resolved,Le Classique,A genuine French derby or regional rivalry worth surfacing when the fixture occurs.,Medium,NORMAL,,,APPROVED,
France,Lyon — Saint-Étienne,SIGNIFICANT_RIVALRY,TEAM_PAIR,80;1063,READY,Exact canonical identity resolved,Rhône derby,A genuine French derby or regional rivalry worth surfacing when the fixture occurs.,Medium,NORMAL,,,APPROVED,
France,Lens — Lille,SIGNIFICANT_RIVALRY,TEAM_PAIR,79;116,READY,Exact canonical identity resolved,Derby du Nord,A genuine French derby or regional rivalry worth surfacing when the fixture occurs.,Medium,NORMAL,,,APPROVED,
France,Monaco — Nice,SIGNIFICANT_RIVALRY,TEAM_PAIR,84;91,READY,Exact canonical identity resolved,Côte d'Azur Derby,A genuine French derby or regional rivalry worth surfacing when the fixture occurs.,Medium,NORMAL,,,APPROVED,
France,Nantes — Rennes,SIGNIFICANT_RIVALRY,TEAM_PAIR,83;94,READY,Exact canonical identity resolved,Western rivalry,A genuine French derby or regional rivalry worth surfacing when the fixture occurs.,Medium,NORMAL,,,APPROVED,
France,Bordeaux — Toulouse,SIGNIFICANT_RIVALRY,TEAM_PAIR,,NEEDS_IDENTITY_REVIEW,"No exact canonical pair; plausible candidates: [[], ['Toulouse [96]']]",Derby de la Garonne,A genuine French derby or regional rivalry worth surfacing when the fixture occurs.,Medium,NORMAL,,,APPROVED,
France,Marseille — Lyon,SIGNIFICANT_RIVALRY,TEAM_PAIR,80;81,READY,Exact canonical identity resolved,Olympico,A genuine French derby or regional rivalry worth surfacing when the fixture occurs.,Medium,NORMAL,,,APPROVED,
France,Paris Saint-Germain — Paris FC,SIGNIFICANT_RIVALRY,TEAM_PAIR,85;114,READY,Exact canonical identity resolved,Paris Derby,A genuine French derby or regional rivalry worth surfacing when the fixture occurs.,Medium,NORMAL,,,APPROVED,
France,Metz — Nancy,SIGNIFICANT_RIVALRY,TEAM_PAIR,102;112,READY,Exact canonical identity resolved,Lorraine Derby,A genuine French derby or regional rivalry worth surfacing when the fixture occurs.,Medium,NORMAL,,,APPROVED,
France,Metz — Strasbourg,SIGNIFICANT_RIVALRY,TEAM_PAIR,95;112,READY,Exact canonical identity resolved,Eastern rivalry,A genuine French derby or regional rivalry worth surfacing when the fixture occurs.,Medium,NORMAL,,,APPROVED,
France,Montpellier — Nîmes,SIGNIFICANT_RIVALRY,TEAM_PAIR,,NEEDS_IDENTITY_REVIEW,"No exact canonical pair; plausible candidates: [['Montpellier [82]'], []]",Languedoc Derby,A genuine French derby or regional rivalry worth surfacing when the fixture occurs.,Medium,NORMAL,,,APPROVED,
France,Bastia — Ajaccio,SIGNIFICANT_RIVALRY,TEAM_PAIR,,NEEDS_IDENTITY_REVIEW,"No exact canonical pair; plausible candidates: [['Bastia [1305]', 'Bastia-Borgo [3019]'], []]",Corsican Derby,A genuine French derby or regional rivalry worth surfacing when the fixture occurs.,Medium,NORMAL,,,APPROVED,
France,Caen — Le Havre,SIGNIFICANT_RIVALRY,TEAM_PAIR,88;111,READY,Exact canonical identity resolved,Normandy Derby,A genuine French derby or regional rivalry worth surfacing when the fixture occurs.,Medium,NORMAL,,,APPROVED,
France,Le Havre — Rouen,SIGNIFICANT_RIVALRY,TEAM_PAIR,111;3221,READY,Exact canonical identity resolved,Normandy Derby,A genuine French derby or regional rivalry worth surfacing when the fixture occurs.,Medium,NORMAL,,,APPROVED,
France,Auxerre — Dijon,SIGNIFICANT_RIVALRY,TEAM_PAIR,89;108,READY,Exact canonical identity resolved,Burgundy rivalry,A genuine French derby or regional rivalry worth surfacing when the fixture occurs.,Medium,NORMAL,,,APPROVED,
France,Reims — Sedan,SIGNIFICANT_RIVALRY,TEAM_PAIR,,NEEDS_IDENTITY_REVIEW,"No exact canonical pair; plausible candidates: [['Reims [93]'], []]",Champagne-Ardenne rivalry,A genuine French derby or regional rivalry worth surfacing when the fixture occurs.,Medium,NORMAL,,,APPROVED,
France,Nice — Cannes,SIGNIFICANT_RIVALRY,TEAM_PAIR,84;9932,READY,Exact canonical identity resolved,Côte d'Azur rivalry,A genuine French derby or regional rivalry worth surfacing when the fixture occurs.,Medium,NORMAL,,,APPROVED,
France,Marseille — Toulon,SIGNIFICANT_RIVALRY,TEAM_PAIR,,NEEDS_IDENTITY_REVIEW,"No exact canonical pair; plausible candidates: [['Marseille [81]'], []]",Provence rivalry,A genuine French derby or regional rivalry worth surfacing when the fixture occurs.,Medium,NORMAL,,,APPROVED,
France,Nice — Bastia,SIGNIFICANT_RIVALRY,TEAM_PAIR,84;1305,READY,Exact canonical identity resolved,Mediterranean rivalry,A genuine French derby or regional rivalry worth surfacing when the fixture occurs.,Medium,NORMAL,,,APPROVED,
France,Laval — Le Mans,SIGNIFICANT_RIVALRY,TEAM_PAIR,433;1298,READY,Exact canonical identity resolved,Western rivalry,A genuine French derby or regional rivalry worth surfacing when the fixture occurs.,Medium,NORMAL,,,APPROVED,
France,Brest — Guingamp,SIGNIFICANT_RIVALRY,TEAM_PAIR,,NEEDS_IDENTITY_REVIEW,"No exact canonical pair; plausible candidates: [[], ['Guingamp [90]']]",Brittany rivalry,A genuine French derby or regional rivalry worth surfacing when the fixture occurs.,Medium,NORMAL,,,APPROVED,
France,Rennes — Guingamp,SIGNIFICANT_RIVALRY,TEAM_PAIR,90;94,READY,Exact canonical identity resolved,Brittany rivalry,A genuine French derby or regional rivalry worth surfacing when the fixture occurs.,Medium,NORMAL,,,APPROVED,
France,Boulogne — Dunkerque,SIGNIFICANT_RIVALRY,TEAM_PAIR,1299;1304,READY,Exact canonical identity resolved,Northern coastal rivalry,A genuine French derby or regional rivalry worth surfacing when the fixture occurs.,Medium,NORMAL,,,APPROVED,
France,Grenoble — Annecy,SIGNIFICANT_RIVALRY,TEAM_PAIR,101;3012,READY,Exact canonical identity resolved,Alpine rivalry,A genuine French derby or regional rivalry worth surfacing when the fixture occurs.,Medium,NORMAL,,,APPROVED,
France,Sochaux — Dijon,SIGNIFICANT_RIVALRY,TEAM_PAIR,89;115,READY,Exact canonical identity resolved,Eastern rivalry,A genuine French derby or regional rivalry worth surfacing when the fixture occurs.,Medium,NORMAL,,,APPROVED,
France,Troyes — Reims,SIGNIFICANT_RIVALRY,TEAM_PAIR,,NEEDS_IDENTITY_REVIEW,"No exact canonical pair; plausible candidates: [['Estac Troyes [110]'], ['Reims [93]']]",Champagne rivalry,A genuine French derby or regional rivalry worth surfacing when the fixture occurs.,Medium,NORMAL,,,APPROVED,
France,Caen — Rouen,SIGNIFICANT_RIVALRY,TEAM_PAIR,88;3221,READY,Exact canonical identity resolved,Normandy rivalry,A genuine French derby or regional rivalry worth surfacing when the fixture occurs.,Medium,NORMAL,,,APPROVED,
France,Rouen — QRM,SIGNIFICANT_RIVALRY,TEAM_PAIR,,NEEDS_IDENTITY_REVIEW,"No exact canonical pair; plausible candidates: [['Rouen [3221]'], []]",Rouen derby,A genuine French derby or regional rivalry worth surfacing when the fixture occurs.,Medium,NORMAL,,,APPROVED,
France,Concarneau — Stade Briochin,SIGNIFICANT_RIVALRY,TEAM_PAIR,,NEEDS_IDENTITY_REVIEW,"No exact canonical pair; plausible candidates: [['Concarneau [1300]'], []]",Brittany rivalry,A genuine French derby or regional rivalry worth surfacing when the fixture occurs.,Medium,NORMAL,,,APPROVED,
France,Geoffroy-Guichard,CLASSIC_GROUND,VENUE,,NEEDS_IDENTITY_REVIEW,No exact canonical venue; plausible candidates: ['Stade Geoffroy-Guichard [23035]'],Classic ground,"A French football ground with surviving character, continuity and a distinctive matchday identity.",High,NORMAL,,,APPROVED,
France,Bollaert-Delelis,CLASSIC_GROUND,VENUE,,NEEDS_IDENTITY_REVIEW,No exact canonical venue; plausible candidates: ['Stade Bollaert-Delelis [23296]'],Classic ground,"A French football ground with surviving character, continuity and a distinctive matchday identity.",High,NORMAL,,,APPROVED,
France,Stade de la Meinau,CLASSIC_GROUND,VENUE,23288,READY,Exact canonical identity resolved,Classic ground,"A French football ground with surviving character, continuity and a distinctive matchday identity.",High,NORMAL,,,APPROVED,
France,Stade Francis-Le Blé,CLASSIC_GROUND,VENUE,23291,READY,Exact canonical identity resolved,Classic ground,"A French football ground with surviving character, continuity and a distinctive matchday identity.",High,NORMAL,,,APPROVED,
France,Stade de l'Abbé-Deschamps,CLASSIC_GROUND,VENUE,23292,READY,Exact canonical identity resolved,Classic ground,"A French football ground with surviving character, continuity and a distinctive matchday identity.",High,NORMAL,,,APPROVED,
France,Stade Auguste-Delaune,CLASSIC_GROUND,VENUE,23027,READY,Exact canonical identity resolved,Classic ground,"A French football ground with surviving character, continuity and a distinctive matchday identity.",High,NORMAL,,,APPROVED,
France,Stade du Moustoir,CLASSIC_GROUND,VENUE,,NEEDS_IDENTITY_REVIEW,No exact canonical venue; plausible candidates: ['Stade du Moustoir - Yves Allainmat [23290]'],Classic ground,"A French football ground with surviving character, continuity and a distinctive matchday identity.",High,NORMAL,,,APPROVED,
France,Stade Bonal,CLASSIC_GROUND,VENUE,,NOT_IN_CURRENT_INVENTORY,Venue is absent from current fixtures and aliases,Classic ground,"A French football ground with surviving character, continuity and a distinctive matchday identity.",High,NORMAL,,,APPROVED,
France,Stade Bauer,CLASSIC_GROUND,VENUE,,NEEDS_IDENTITY_REVIEW,No exact canonical venue; plausible candidates: ['Stade de Paris (Stade Bauer) [23031]'],Classic ground,"A French football ground with surviving character, continuity and a distinctive matchday identity.",High,NORMAL,,,APPROVED,
France,Stade Vélodrome,FOOTBALL_LANDMARK,VENUE,,NOT_IN_CURRENT_INVENTORY,Venue is absent from current fixtures and aliases,Football landmark,A venue with exceptional significance in French football history.,Medium,NORMAL,,,APPROVED,
France,Parc des Princes,FOOTBALL_LANDMARK,VENUE,23285,READY,Exact canonical identity resolved,Football landmark,A venue with exceptional significance in French football history.,Medium,NORMAL,,,APPROVED,
France,Geoffroy-Guichard,FOOTBALL_LANDMARK,VENUE,,NEEDS_IDENTITY_REVIEW,No exact canonical venue; plausible candidates: ['Stade Geoffroy-Guichard [23035]'],Football landmark,A venue with exceptional significance in French football history.,Medium,NORMAL,,,APPROVED,
France,Bollaert-Delelis,FOOTBALL_LANDMARK,VENUE,,NEEDS_IDENTITY_REVIEW,No exact canonical venue; plausible candidates: ['Stade Bollaert-Delelis [23296]'],Football landmark,A venue with exceptional significance in French football history.,Medium,NORMAL,,,APPROVED,
France,Stade de la Meinau,FOOTBALL_LANDMARK,VENUE,23288,READY,Exact canonical identity resolved,Football landmark,A venue with exceptional significance in French football history.,Medium,NORMAL,,,APPROVED,
France,Stade de France,FOOTBALL_LANDMARK,VENUE,,NOT_IN_CURRENT_INVENTORY,Venue is absent from current fixtures and aliases,Football landmark,A venue with exceptional significance in French football history.,Medium,NORMAL,,,APPROVED,
France,Stade de l'Abbé-Deschamps,FOOTBALL_LANDMARK,VENUE,23292,READY,Exact canonical identity resolved,Football landmark,A venue with exceptional significance in French football history.,Medium,NORMAL,,,APPROVED,
France,Stade Louis-II,UNIQUE_SETTING,VENUE,23286,READY,Exact canonical identity resolved,Monaco setting,"A major football ground embedded into the tiny, exceptionally dense principality of Monaco.",Very High,LEAD,,,APPROVED,
France,Stade François-Coty,UNIQUE_SETTING,VENUE,,NOT_IN_CURRENT_INVENTORY,Venue is absent from current fixtures and aliases,Corsican Mediterranean setting,A distinctive Corsican football setting overlooking the Mediterranean context of Ajaccio.,High,LEAD,,,APPROVED,
